<manifest alg="2" build="2017.0.0.363" opt="true" iceEnabled="true" iceMarkupVersion="2" iceEnabledOptions="link,responsive,cachebuster" exportTarget="other" domain="rdv-iitd.com/Contact_Us" resolutions="1x,2x" timestamp="1496473385668">
  <folder name="css">
    <file name="site_global.css" crc="443350757"/>
    <file name="master_a-master.css" crc="3769693860" ref="index"/>
    <file name="index.css" crc="522522159" ref="index"/>
    <file name="nomq_preview_master_a-master.css" crc="3824530138" ref="index"/>
    <file name="nomq_index.css" crc="3929783050" ref="index"/>
  </folder>
  <folder name="scripts">
    <file name="jquery-1.8.3.min.js" crc="209076791" ref="index"/>
    <file name="museutils.js" crc="163421577" ref="index"/>
    <file name="whatinput.js" crc="86476730" ref="index"/>
    <file name="museconfig.js" crc="36584860" ref="index"/>
    <file name="require.js" crc="244322403" ref="index"/>
    <file name="jquery.musepolyfill.bgsize.js" crc="379354253" ref="index"/>
    <file name="jquery.watch.js" crc="104486786" ref="index"/>
    <file name="jquery.museresponsive.js" crc="4146931122" ref="index"/>
  </folder>
  <folder name="images">
    <file name="facebook-01.png" crc="3765241513" seo="true" ref="index"/>
    <file name="facebook-01_2x.png" crc="3906779146" seo="true" ref="index"/>
    <file name="twitter button-01.png" crc="464885161" seo="true" ref="index"/>
    <file name="twitter button-01_2x.png" crc="394697448" seo="true" ref="index"/>
    <file name="instagram-01.png" crc="4221114152" seo="true" ref="index"/>
    <file name="instagram-01_2x.png" crc="4026227113" seo="true" ref="index"/>
    <file name="rdv.gif" crc="167002393" seo="true" ref="index"/>
    <file name="rdv_2x.gif" crc="167002393" seo="true" ref="index"/>
    <file name="u133-10.png" crc="507283881" ref="index"/>
    <file name="u133-10_2x.png" crc="4279774569" ref="index"/>
    <file name="u188-14.png" crc="3963285655" ref="index"/>
    <file name="u188-14_2x.png" crc="281367096" ref="index"/>
    <file name="u191-13.png" crc="3851242311" ref="index"/>
    <file name="u191-13_2x.png" crc="441760642" ref="index"/>
    <file name="u176-5.png" crc="4194319613" ref="index"/>
    <file name="u176-5_2x.png" crc="4048301939" ref="index"/>
    <file name="background.jpg" crc="3988109213" ref="index"/>
    <file name="facebook-0134x34.png" crc="4250524724" seo="true" ref="index"/>
    <file name="facebook-0134x34_2x.png" crc="402374379" seo="true" ref="index"/>
    <file name="twitter button-0134x34.png" crc="3924754714" seo="true" ref="index"/>
    <file name="twitter button-0134x34_2x.png" crc="401321340" seo="true" ref="index"/>
    <file name="instagram-0134x34.png" crc="418292406" seo="true" ref="index"/>
    <file name="instagram-0134x34_2x.png" crc="140506183" seo="true" ref="index"/>
    <file name="background2.jpg" crc="525658899" ref="index"/>
    <file name="background_2x.jpg" crc="3988109213" ref="index"/>
    <file name="blank.gif" crc="4208392903" ref="index"/>
    <file name="u194-13.png" crc="4212737169" ref="index"/>
    <file name="u194-13_2x.png" crc="4116563798" ref="index"/>
  </folder>
  <file name="index.html" crc="451700377" seo="true" mt="1496473367518" redirect="true"/>
</manifest>